{"cameraMode":{"drawMode":0,"name":"Shaded","section":"Shading Mode"},"sceneLighting":true,"audioPlay":false,"sceneViewState":{"showFog":true,"showMaterialUpdate":false,"showSkybox":true,"showFlares":true,"showImageEffects":true,"showParticleSystems":true},"in2DMode":false,"pivot":{"x":-0.257771372795105,"y":0.13458704948425294,"z":1.773444414138794},"rotation":{"x":-0.28855982422828677,"y":-0.02382785640656948,"z":0.007218680810183287,"w":-0.9571608901023865},"size":5.654107093811035,"orthographic":false}