{"cameraMode":{"drawMode":0,"name":"Shaded","section":"Shading Mode"},"sceneLighting":true,"audioPlay":false,"sceneViewState":{"showFog":true,"showMaterialUpdate":false,"showSkybox":true,"showFlares":true,"showImageEffects":true,"showParticleSystems":true},"in2DMode":false,"pivot":{"x":-0.2579416036605835,"y":0.08719134330749512,"z":1.7386281490325928},"rotation":{"x":-0.31154268980026247,"y":-0.0022700533736497165,"z":0.0007782738539390266,"w":-0.9502517580986023},"size":5.654107093811035,"orthographic":false}