{"cameraMode":{"drawMode":0,"name":"Shaded","section":"Shading Mode"},"sceneLighting":true,"audioPlay":false,"sceneViewState":{"showFog":true,"showMaterialUpdate":false,"showSkybox":true,"showFlares":true,"showImageEffects":true,"showParticleSystems":true},"in2DMode":false,"pivot":{"x":-0.5792050361633301,"y":0.43622729182243349,"z":0.8017047643661499},"rotation":{"x":-0.2707121968269348,"y":0.35490280389785769,"z":-0.108156219124794,"w":-0.8883053660392761},"size":10.760114669799805,"orthographic":false}