{"cameraMode":{"drawMode":0,"name":"Shaded","section":"Shading Mode"},"sceneLighting":true,"audioPlay":false,"sceneViewState":{"showFog":true,"showMaterialUpdate":false,"showSkybox":true,"showFlares":true,"showImageEffects":true,"showParticleSystems":true},"in2DMode":false,"pivot":{"x":-0.01157301664352417,"y":0.3706514835357666,"z":3.0263264179229738},"rotation":{"x":-0.13394838571548463,"y":0.3835672438144684,"z":-0.05629387125372887,"w":-0.9120345115661621},"size":3.3795511722564699,"orthographic":false}