{"count":1,"gauges":{"RobatBrain.CumulativeReward":{"count":2,"max":1,"min":1,"value":1,"weightedAverage":1}},"self":32.8446144,"total":32.8762682,"children":{"AgentSendState":{"count":1627,"self":0.013889299999999999,"total":0.017755,"children":{"CollectObservations":{"count":163,"self":0.0028972,"total":0.0028972,"children":null},"CollectDiscreteActionMasks":{"count":163,"self":0.0009685,"total":0.0009685,"children":null}}},"DecideAction":{"count":1627,"self":0.0029538999999999998,"total":0.0029538999999999998,"children":null},"AgentAct":{"count":1627,"self":0.0099452,"total":0.0099452,"children":null}}}