{"count":1,"gauges":{"RobotBrain.CumulativeReward":{"count":50,"max":0,"min":-1,"value":-1,"weightedAverage":-0.9955455}},"self":99.862752,"total":100.7512442,"children":{"AgentSendState":{"count":5019,"self":0.058788799999999995,"total":0.06627559999999999,"children":{"CollectObservations":{"count":502,"self":0.0046115999999999996,"total":0.0046115999999999996,"children":null},"CollectDiscreteActionMasks":{"count":502,"self":0.0028752,"total":0.0028752,"children":null}}},"DecideAction":{"count":5019,"self":0.7567065,"total":0.7567065,"children":null},"AgentAct":{"count":5019,"self":0.064510299999999993,"total":0.064510299999999993,"children":null}}}