{"count":1,"gauges":{"RobotBrain.CumulativeReward":{"count":119,"max":1.3,"min":-0.9,"value":1.1,"weightedAverage":1.03052711}},"self":245.82487039999998,"total":249.41444669999998,"children":{"AgentSendState":{"count":12426,"self":0.25900809999999996,"total":0.2876573,"children":{"CollectObservations":{"count":1243,"self":0.0246751,"total":0.0246751,"children":null},"CollectDiscreteActionMasks":{"count":1243,"self":0.0039740999999999995,"total":0.0039740999999999995,"children":null}}},"DecideAction":{"count":12426,"self":2.9827372,"total":2.9827372999999997,"children":null},"AgentAct":{"count":12426,"self":0.3171817,"total":0.3171817,"children":null}}}