{"count":1,"gauges":{"RobotBrain.CumulativeReward":{"count":7,"max":1.1,"min":-0.9,"value":1.1,"weightedAverage":0.725}},"self":22.9710656,"total":23.182002,"children":{"AgentSendState":{"count":1141,"self":0.0168476,"total":0.0188475,"children":{"CollectObservations":{"count":115,"self":0.0019998999999999998,"total":0.0019998999999999998,"children":null},"CollectDiscreteActionMasks":{"count":115,"self":0,"total":0,"children":null}}},"DecideAction":{"count":1141,"self":0.16919299999999998,"total":0.16919299999999998,"children":null},"AgentAct":{"count":1141,"self":0.0218986,"total":0.0218986,"children":null}}}