{"count":1,"gauges":{"RobotBrain.CumulativeReward":{"count":44,"max":1,"min":-1,"value":1,"weightedAverage":0.126481056}},"self":178.2804864,"total":179.8010505,"children":{"AgentSendState":{"count":8973,"self":0.0901733,"total":0.10006709999999999,"children":{"CollectObservations":{"count":898,"self":0.0059332,"total":0.0059332,"children":null},"CollectDiscreteActionMasks":{"count":898,"self":0.0039606,"total":0.0039606,"children":null}}},"DecideAction":{"count":8973,"self":1.2961875999999999,"total":1.2961875999999999,"children":null},"AgentAct":{"count":8973,"self":0.123401,"total":0.123401,"children":null}}}